{
  "rules": {
    "adjacent-overload-signatures": true,
    "ban-comma-operator": true,
    "no-namespace": true,
    "no-parameter-reassignment": true,
    "no-reference": true,
    "no-unnecessary-type-assertion": true,
    "label-position": true,
    "no-conditional-assignment": true,
    "no-construct": true,
    "no-duplicate-super": true,
    "no-duplicate-switch-case": true,
    "no-duplicate-variable": [
      true,
      "check-parameters"
    ],
    "no-shadowed-variable": true,
    "no-empty": [
      true,
      "allow-empty-catch"
    ],
    "no-floating-promises": true,
    "no-implicit-dependencies": true,
    "no-invalid-this": true,
    "no-string-throw": true,
    "no-unsafe-finally": true,
    "no-void-expression": [
      true,
      "ignore-arrow-function-shorthand"
    ],
    "no-duplicate-imports": true,
    "no-empty-interface": {
      "severity": "error"
    },
    "no-import-side-effect": {
      "severity": "warning"
    },
    "no-var-keyword": {
      "severity": "error"
    },
    "triple-equals": {
      "severity": "error"
    },
    "deprecation": {
      "severity": "error"
    },
    "prefer-for-of": {
      "severity": "error"
    },
    "unified-signatures": {
      "severity": "error"
    },
    "prefer-const": {
      "severity": "error"
    },
    "trailing-comma": {
      "severity": "error"
    }
  },
  "defaultSeverity": "error"
}