{
  "project_info": {
    "project_number": "1048899297323",
    "project_id": "kvatt-platform-live",
    "storage_bucket": "kvatt-platform-live.appspot.com"
  },
  "client": [
    {
      "client_info": {
        "mobilesdk_app_id": "1:1048899297323:android:279e9a7e1cfd0bbe5dca6e",
        "android_client_info": {
          "package_name": "com.kvatt.mobile.app"
        }
      },
      "oauth_client": [
        {
          "client_id": "1048899297323-ntsd5gnpg7040k3h4vl08hvap65gh14l.apps.googleusercontent.com",
          "client_type": 3
        }
      ],
      "api_key": [
        {
          "current_key": "AIzaSyAc0uEbe25DAJiCxG63FmGb53HHB0sHdXc"
        }
      ],
      "services": {
        "appinvite_service": {
          "other_platform_oauth_client": [
            {
              "client_id": "1048899297323-ntsd5gnpg7040k3h4vl08hvap65gh14l.apps.googleusercontent.com",
              "client_type": 3
            }
          ]
        }
      }
    }
  ],
  "configuration_version": "1"
}