{
  "project_info": {
    "project_number": "862603377306",
    "project_id": "kvatt-platform-dev",
    "storage_bucket": "kvatt-platform-dev.appspot.com"
  },
  "client": [
    {
      "client_info": {
        "mobilesdk_app_id": "1:862603377306:android:e93382ed1df2e960fe3d23",
        "android_client_info": {
          "package_name": "com.kvatt.mobile.app.dev"
        }
      },
      "oauth_client": [
        {
          "client_id": "862603377306-ljh8gdv3usk744mln7oo9m4oac4jkqds.apps.googleusercontent.com",
          "client_type": 3
        }
      ],
      "api_key": [
        {
          "current_key": "AIzaSyCDE59jP3eXAQErqh0vZRS9jPKlL9rLi58"
        }
      ],
      "services": {
        "appinvite_service": {
          "other_platform_oauth_client": [
            {
              "client_id": "862603377306-ljh8gdv3usk744mln7oo9m4oac4jkqds.apps.googleusercontent.com",
              "client_type": 3
            }
          ]
        }
      }
    }
  ],
  "configuration_version": "1"
}