{
  "project_info": {
    "project_number": "450635617658",
    "project_id": "kvatt-platform-staging",
    "storage_bucket": "kvatt-platform-staging.appspot.com"
  },
  "client": [
    {
      "client_info": {
        "mobilesdk_app_id": "1:450635617658:android:61ea862cd60c29479772c3",
        "android_client_info": {
          "package_name": "com.kvatt.mobile.app.stage"
        }
      },
      "oauth_client": [
        {
          "client_id": "450635617658-bnn5uljc0bdeom1kolboqbnahd8uif0k.apps.googleusercontent.com",
          "client_type": 3
        }
      ],
      "api_key": [
        {
          "current_key": "AIzaSyC5cSEvWtf-u_PpFRoZoS1evoA4ymagtp0"
        }
      ],
      "services": {
        "appinvite_service": {
          "other_platform_oauth_client": [
            {
              "client_id": "450635617658-bnn5uljc0bdeom1kolboqbnahd8uif0k.apps.googleusercontent.com",
              "client_type": 3
            }
          ]
        }
      }
    }
  ],
  "configuration_version": "1"
}